{
    "loss": 3.2745895385742188,
    "accuracy": 0.5769230723381042
}